,product_name,price,description,rate
0,"realme GT 2 Pro (Steel Black, 256 GB)","₹43,999",12 GB RAM | 256 GB ROM17.02 cm (6.7 inch) Quad HD Display50MP + 50MP + 2MP | 32MP Front Camera5000 mAh Lithium Ion BatteryQualcomm Snapdragon 8 Gen 1 Mobile Platform Processor1 Year Manufacturer Warranty for Phone and 6 Months Warranty for In-Box Accessories,4.4
1,"realme GT 2 Pro (Paper White, 256 GB)","₹43,999",12 GB RAM | 256 GB ROM17.02 cm (6.7 inch) Quad HD Display50MP + 50MP + 2MP | 32MP Front Camera5000 mAh Lithium Ion BatteryQualcomm Snapdragon 8 Gen 1 Mobile Platform Processor1 Year Manufacturer Warranty for Phone and 6 Months Warranty for In-Box Accessories,4.4
2,"SAMSUNG Galaxy A54 5G (Awesome Violet, 256 GB)","₹40,999","8 GB RAM | 256 GB ROM | Expandable Upto 1 TB16.26 cm (6.4 inch) Full HD+ Display50MP + 12MP + 5MP | 32MP Front Camera5000 mAh BatteryExynos 1380, Octa Core Processor1 Year Manufacturer Warranty for Device and 6 Months Manufacturer Warranty for In-Box Accessories",4.3
3,"SAMSUNG Galaxy A73 5G (Awesome Gray, 128 GB)","₹41,999",8 GB RAM | 128 GB ROM | Expandable Upto 1 TB17.02 cm (6.7 inch) Full HD+ Display108MP + 12MP + 5MP + 5MP | 32MP Front Camera5000 mAh Li-ion BatteryQualcomm Snapdragon 778G Processor1 Year Manufacturer Warranty for Device and 6 Months Manufacturer Warranty for In-Box,4.2
4,"SAMSUNG Galaxy A54 5G (Awesome Lime, 256 GB)","₹40,999","8 GB RAM | 256 GB ROM | Expandable Upto 1 TB16.26 cm (6.4 inch) Full HD+ Display50MP + 12MP + 5MP | 32MP Front Camera5000 mAh BatteryExynos 1380, Octa Core Processor1 Year Manufacturer Warranty for Device and 6 Months Manufacturer Warranty for In-Box Accessories",4.3
5,"SAMSUNG Galaxy A73 5G (Awesome Mint, 128 GB)","₹41,999",8 GB RAM | 128 GB ROM | Expandable Upto 1 TB17.02 cm (6.7 inch) Full HD+ Display108MP + 12MP + 5MP + 5MP | 32MP Front Camera5000 mAh Li-ion BatteryQualcomm Snapdragon 778G Processor1 Year Manufacturer Warranty for Device and 6 Months Manufacturer Warranty for In-Box,4.2
6,"SAMSUNG Galaxy A73 5G (Awesome White, 128 GB)","₹41,999",8 GB RAM | 128 GB ROM | Expandable Upto 1 TB17.02 cm (6.7 inch) Full HD+ Display108MP + 12MP + 5MP + 5MP | 32MP Front Camera5000 mAh Li-ion BatteryQualcomm Snapdragon 778G Processor1 Year Manufacturer Warranty for Device and 6 Months Manufacturer Warranty for In-Box,4.2
7,"SAMSUNG Galaxy A73 5G (Awesome Mint, 256 GB)","₹44,999",8 GB RAM | 256 GB ROM | Expandable Upto 1 TB17.02 cm (6.7 inch) Full HD+ Display108MP + 12MP + 5MP + 5MP | 32MP Front Camera5000 mAh Li-ion BatteryQualcomm Snapdragon 778G Processor1 Year Manufacturer Warranty for Device and 6 Months Manufacturer Warranty for In-Box,4.2
8,"vivo V23 Pro 5G (Sunshine Gold, 256 GB)","₹43,990",12 GB RAM | 256 GB ROM16.66 cm (6.56 inch) Full HD+ Display108MP + 8MP + 2MP | 50MP + 8MP Dual Front Camera4300 mAh Lithium BatteryMediatek Dimensity 1200 Processor1 Year Manufacturer Warranty for Phone and 6 Months Warranty for In the Box Accessories,4.2
9,"realme GT 2 Pro (Paper Green, 256 GB)","₹43,999",12 GB RAM | 256 GB ROM17.02 cm (6.7 inch) Quad HD Display50MP + 50MP + 2MP | 32MP Front Camera5000 mAh Lithium Ion BatteryQualcomm Snapdragon 8 Gen 1 Mobile Platform Processor1 Year Manufacturer Warranty for Phone and 6 Months Warranty for In-Box Accessories,4.4
10,"realme X50 Pro (Rust Red, 128 GB)","₹41,999",8 GB RAM | 128 GB ROM16.36 cm (6.44 inch) Full HD+ Display64MP + 12MP + 8MP + 2MP | 32MP + 8MP Dual Front Camera4200 mAh Battery5G PhoneQualcomm Snapdragon 865 Processor65W Superdart ChargeBrand Warranty of 1 Year Available for Mobile and 6 Months for Accessories,4.4
11,"realme X50 Pro (Moss Green, 128 GB)","₹41,999",8 GB RAM | 128 GB ROM16.36 cm (6.44 inch) Full HD+ Display64MP + 12MP + 8MP + 2MP | 32MP + 8MP Dual Front Camera4200 mAh Battery5G PhoneQualcomm Snapdragon 865 Processor65W Superdart ChargeBrand Warranty of 1 Year Available for Mobile and 6 Months for Accessories,4.4
12,"ASUS ROG Phone II (Black, 128 GB)","₹40,999",8 GB RAM | 128 GB ROM16.74 cm (6.59 inch) Full HD+ Display48MP + 13MP | 24MP Front Camera6000 mAh BatteryQualcomm Snapdragon 855 Plus ProcessorBrand Warranty of 1 Year Available for Mobile and 6 Months for Accessories,4.6
13,"OPPO Reno8T 5G (Midnight Black, 128 GB)","₹29,999",8 GB RAM | 128 GB ROM | Expandable Upto 1 TB17.02 cm (6.7 inch) Full HD+ Display108MP + 2MP + 2MP | 32MP Front Camera4800 mAh Lithium-ion Polymer BatteryQualcomm Snapdragon 695 Processor67W SUPERVOOC TM Charger I Dual Stereo Speakers120Hz 3D Curved AMOLED Screen1 Year on Handset and 6 Months on Accessories,4.3
14,"MOTOROLA Edge 30 Fusion (Viva Magenta, 128 GB)","₹39,999",8 GB RAM | 128 GB ROM16.64 cm (6.55 inch) Full HD+ Display50MP + 13MP + 2MP | 32MP Front Camera4400 mAh Lithium BatteryQualcomm Snapdragon 888 + Processor1 Year on Handset and 6 Months on Accessories,4.3
15,"vivo V27 5G (Magic Blue, 256 GB)","₹36,999",12 GB RAM | 256 GB ROM17.22 cm (6.78 Inch) Full HD+ AMOLED Display50MP (OIS) + 8MP + 2MP | 50MP Front Camera4600 mAh BatteryMediatek Dimensity 7200 5G Processor1 Year Brand Warranty,4.4
16,"MOTOROLA Edge 30 Fusion (Cosmic grey, 128 GB)","₹39,999",8 GB RAM | 128 GB ROM16.64 cm (6.55 inch) Full HD+ Display50MP + 13MP + 2MP | 32MP Front Camera4400 mAh Lithium BatteryQualcomm Snapdragon 888 + Processor1 Year on Handset and 6 Months on Accessories,4.3
17,"ASUS ROG 5s (Black, 128 GB)","₹39,999",8 GB RAM | 128 GB ROM17.22 cm (6.78 inch) Full HD+ Display64MP + 13MP + 5MP | 24MP Front Camera6000 mAh Lithium Polymer BatteryQualcomm Snapdragon 888 Plus (SM8350) Processor1 Year Brand Warranty,4.1
18,"SAMSUNG Galaxy A54 5G (Awesome Graphite, 128 GB)","₹38,999","8 GB RAM | 128 GB ROM | Expandable Upto 1 TB16.26 cm (6.4 inch) Full HD+ Display50MP + 12MP + 5MP | 32MP Front Camera5000 mAh BatteryExynos 1380, Octa Core Processor1 Year Manufacturer Warranty for Device and 6 Months Manufacturer Warranty for In-Box Accessories",4.3
19,"vivo V27 Pro 5G (Noble Black, 256 GB)","₹39,999",8 GB RAM | 256 GB ROM17.22 cm (6.78 inch) Full HD+ Display50MP (OIS) + 8MP + 2MP | 50MP Front Camera4600 mAh BatteryMediatek Dimensity 8200 Processor1 Year Manufacturer Warranty for Phone and 6 Months Warranty for In the Box Accessories,4.4
20,"vivo V27 Pro 5G (Magic Blue, 128 GB)","₹37,999",8 GB RAM | 128 GB ROM17.22 cm (6.78 inch) Full HD+ Display50MP (OIS) + 8MP + 2MP | 50MP Front Camera4600 mAh BatteryMediatek Dimensity 8200 Processor1 Year Manufacturer Warranty for Phone and 6 Months Warranty for In the Box Accessories,4.4
21,"vivo V27 Pro 5G (Noble Black, 128 GB)","₹37,999",8 GB RAM | 128 GB ROM17.22 cm (6.78 inch) Full HD+ Display50MP (OIS) + 8MP + 2MP | 50MP Front Camera4600 mAh BatteryMediatek Dimensity 8200 Processor1 Year Manufacturer Warranty for Phone and 6 Months Warranty for In the Box Accessories,4.4
22,"realme GT 2 Pro (Paper Green, 128 GB)","₹35,999",8 GB RAM | 128 GB ROM17.02 cm (6.7 inch) Quad HD Display50MP + 50MP + 2MP | 32MP Front Camera5000 mAh Lithium Ion BatteryQualcomm Snapdragon 8 Gen 1 Mobile Platform Processor1 Year Manufacturer Warranty for Phone and 6 Months Warranty for In-Box Accessories,4.2
23,"realme GT 2 Pro (Paper White, 128 GB)","₹35,999",8 GB RAM | 128 GB ROM17.02 cm (6.7 inch) Quad HD Display50MP + 50MP + 2MP | 32MP Front Camera5000 mAh Lithium Ion BatteryQualcomm Snapdragon 8 Gen 1 Mobile Platform Processor1 Year Manufacturer Warranty for Phone and 6 Months Warranty for In-Box Accessories,4.2
24,"realme GT 2 Pro (Paper White, 128 GB)","₹35,999",8 GB RAM | 128 GB ROM17.02 cm (6.7 inch) Quad HD Display50MP + 50MP + 2MP | 32MP Front Camera5000 mAh Lithium Ion BatteryQualcomm Snapdragon 8 Gen 1 Mobile Platform Processor1 Year Manufacturer Warranty for Phone and 6 Months Warranty for In-Box Accessories,4.2
25,"realme GT 2 Pro (Steel Black, 128 GB)","₹35,999",8 GB RAM | 128 GB ROM17.02 cm (6.7 inch) Quad HD Display50MP + 50MP + 2MP | 32MP Front Camera5000 mAh Lithium Ion BatteryQualcomm Snapdragon 8 Gen 1 Mobile Platform Processor1 Year Manufacturer Warranty for Phone and 6 Months Warranty for In-Box Accessories,4.2
26,"vivo V25 Pro 5G (Pure Black, 128 GB)","₹35,999",8 GB RAM | 128 GB ROM16.66 cm (6.56 inch) Full HD+ Display64MP + 8MP + 2MP | 32MP Front Camera4830 mAh Lithium BatteryMediatek Dimensity 1300 ProcessorColor Changing Fluorite AG Glass Design120 Hz 3D Curve Display1 Year on Handset and 6 Months on Accessories,4.3
27,"vivo V25 Pro 5G (Sailing Blue, 128 GB)","₹35,999",8 GB RAM | 128 GB ROM16.66 cm (6.56 inch) Full HD+ Display64MP + 8MP + 2MP | 32MP Front Camera4830 mAh Lithium BatteryMediatek Dimensity 1300 ProcessorColor Changing Fluorite AG Glass Design120 Hz 3D Curve Display1 Year on Handset and 6 Months on Accessories,4.3
28,"Mi 10T (Cosmic Black, 128 GB)","₹37,999",8 GB RAM | 128 GB ROM16.94 cm (6.67 inch) Full HD+ Display64MP + 13MP + 5MP | 20MP Front Camera5000 mAh Li-ion Polymer BatteryQualcomm Snapdragon 865 Processor144Hz Intelligent AdaptiveSync Display33W Dual Split Flash Charge1 Year Manufacturer Warranty for Device and 6 Months Manufacturer Warranty for In-box Accessories,4.1
29,"MOTOROLA Edge 30 Fusion (Solar Gold, 128 GB)","₹39,999",8 GB RAM | 128 GB ROM16.64 cm (6.55 inch) Full HD+ Display50MP + 13MP + 2MP | 32MP Front Camera4400 mAh Lithium BatteryQualcomm Snapdragon 888 + Processor1 Year on Handset and 6 Months on Accessories,4.3
30,"vivo V23 Pro 5G (Stardust Black, 128 GB)","₹38,990",8 GB RAM | 128 GB ROM | Expandable Upto 12 GB16.66 cm (6.56 inch) Full HD+ Display108MP + 8MP + 2MP | 50MP + 8MP Dual Front Camera4300 mAh Lithium BatteryMediatek Dimensity 1200 Processor1 Year Manufacturer Warranty for Phone and 6 Months Warranty for In the Box Accessories,4.3
31,"Mi 10T (Lunar Silver, 128 GB)","₹37,999",8 GB RAM | 128 GB ROM16.94 cm (6.67 inch) Full HD+ Display64MP + 13MP + 5MP | 20MP Front Camera5000 mAh Li-ion Polymer BatteryQualcomm Snapdragon 865 Processor144Hz Intelligent AdaptiveSync Display33W Dual Split Flash Charge1 Year Manufacturer Warranty for Device and 6 Months Manufacturer Warranty for In-box Accessories,4.1
32,"realme GT NEO 2 (NEO Black, 256 GB)","₹35,999",12 GB RAM | 256 GB ROM16.81 cm (6.62 inch) Full HD+ Display64MP + 8MP + 2MP | 16MP Front Camera5000 mAh BatteryQualcomm Snapdragon 870 Processor1 Year Warranty for Mobile and 6 Months for Accessories,4.4
33,"realme GT NEO 2 (NEO Blue, 256 GB)","₹35,999",12 GB RAM | 256 GB ROM16.81 cm (6.62 inch) Full HD+ Display64MP + 8MP + 2MP | 16MP Front Camera5000 mAh BatteryQualcomm Snapdragon 870 Processor1 Year Warranty for Mobile and 6 Months for Accessories,4.4
34,"Mi 10T (Lunar Silver, 128 GB)","₹39,999",6 GB RAM | 128 GB ROM16.94 cm (6.67 inch) Full HD+ Display64MP + 13MP + 5MP | 20MP Front Camera5000 mAh Li-ion Polymer BatteryQualcomm Snapdragon 865 Processor144Hz Intelligent AdaptiveSync Display33W Dual Split Flash Charge1 Year Manufacturer Warranty for Device and 6 Months Manufacturer Warranty for In-box Accessories,4.2
35,"POCO F3 GT 5G (Predator Black, 256 GB)","₹36,999","8 GB RAM | 256 GB ROM16.94 cm (6.67 inch) Full HD+ Display64MP + 8MP + 2MP | 16MP Front Camera5065 mAh Lithium-ion Polymer BatteryMediaTek Dimensity 1200 ProcessorMultiple Hands-free Voice Assistant1 Year Warranty for Handset, 6 Months for Accessories",4.3
36,"realme GT 5G (Dashing Silver, 128 GB)","₹37,999",8 GB RAM | 128 GB ROM16.33 cm (6.43 inch) Full HD+ Display64MP + 8MP + 2MP | 16MP Front Camera4500 mAh BatteryQualcomm Snapdragon 888 Processor1 Year Warranty for Mobile and 6 Months for Accessories,4.3
37,"OPPO Reno3 Pro (Midnight Black, 256 GB)","₹35,990",8 GB RAM | 256 GB ROM | Expandable Upto 256 GB16.26 cm (6.4 inch) Display64MP + 13MP + 8MP + 2MP | 44MP + 2MP Dual Front Camera4025 mAh BatteryMediaTek Helio P95 ProcessorUltra Steady Video 2.0 and Video BokehWorld's 1st 44MP Dual Punch Hole CameraBrand Warranty of 1 Year Available for Mobile and 6 Months for Accessories,4.4
38,"vivo X21 (Black, 128 GB)","₹36,990",6 GB RAM | 128 GB ROM | Expandable Upto 256 GB15.95 cm (6.28 inch) Full HD+ Display12MP + 5MP | 12MP Front Camera3200 mAh Li-ion BatteryQualcomm Snapdragon 660 AIE ProcessorBrand Warranty of 1 Year Available for Mobile and 6 Months for Accessories,4.3
39,"Mi Mix 2 (Black, 128 GB)","₹37,999",6 GB RAM | 128 GB ROM15.21 cm (5.99 inch) Full HD+ Display12MP Rear Camera | 5MP Front Camera3400 mAh Li-polymer BatteryQualcomm Snapdragon 835 Octa Core 2.5 GHz ProcessorBrand Warranty of 1 Year Available for Mobile and 6 Months for Accessories,4.3
40,"APPLE iPhone 8 (Gold, 64 GB)","₹39,900","64 GB ROM11.94 cm (4.7 inch) Retina HD Display12MP Rear Camera | 7MP Front CameraA11 Bionic Chip with 64-bit Architecture, Neural Engine, Embedded M11 Motion Coprocessor ProcessoriOS 13 CompatibleBrand Warranty of 1 Year",4.5
41,"APPLE iPhone 6 (Silver, 16 GB)","₹36,990",16 GB ROM11.94 cm (4.7 inch) Retina HD Display8MP Rear Camera | 1.2MP Front CameraApple A8 64-bit processor and M8 Motion Co-processor1 Year Manufacturer Warranty,4.4
42,"realme GT 5G (Dashing Blue, 128 GB)","₹37,999",8 GB RAM | 128 GB ROM16.33 cm (6.43 inch) Full HD+ Display64MP + 8MP + 2MP | 16MP Front Camera4500 mAh BatteryQualcomm Snapdragon 888 Processor1 Year Warranty for Mobile and 6 Months for Accessories,4.3
43,"realme X2 Pro (Neptune Blue, 256 GB)","₹35,999",12 GB RAM | 256 GB ROM16.51 cm (6.5 inch) Full HD+ Display64MP + 13MP + 8MP + 2MP | 16MP Front Camera4000 mAh BatteryQualcomm Snapdragon 855 Plus Processor90 Hz Ultra Smooth Display50W Super Vooc Flash Charge20X Hybrid ZoomBrand Warranty of 1 Year Available for Mobile and 6 Months for Accessories,4.6
44,"ASUS ZenFone 5Z (Midnight Blue, 128 GB)","₹36,299",6 GB RAM | 128 GB ROM | Expandable Upto 2 TB15.75 cm (6.2 inch) Full HD+ Display12MP + 8MP | 8MP Front Camera3300 mAh BatteryQualcomm Snapdragon 845 Octa Core ProcessorBrand Warranty of 1 Year Available for Handset and 6 Months for Accessories,4.5
45,"Lenovo Z6 Pro (Black, 128 GB)","₹39,999",8 GB RAM | 128 GB ROM | Expandable Upto 512 GB16.23 cm (6.39 inch) Full HD+ Display48MP + 2MP + 16MP + 8MP | 32MP Front Camera4000 mAh Li-polymer BatteryQualcomm SDM855 ProcessorBrand Warranty of 1 Year Available for Mobile and 6 Months for Accessories,3.8
46,"APPLE iPhone 8 (Silver, 64 GB)","₹39,900","64 GB ROM11.94 cm (4.7 inch) Retina HD Display12MP Rear Camera | 7MP Front CameraA11 Bionic Chip with 64-bit Architecture, Neural Engine, Embedded M11 Motion Coprocessor ProcessoriOS 13 CompatibleBrand Warranty of 1 Year",4.5
47,"Infinix SMART 7 (Azure Blue, 64 GB)","₹7,299",4 GB RAM | 64 GB ROM | Expandable Upto 2 TB16.76 cm (6.6 inch) HD+ Display13MP + AI Lens | 5MP Front Camera6000 mAh BatteryUnisoc Spreadtrum SC9863A1 Processor1 Year on Handset and 6 Months on Accessories,4.2
48,"Infinix SMART 7 (Emerald Green, 64 GB)","₹7,299",4 GB RAM | 64 GB ROM | Expandable Upto 2 TB16.76 cm (6.6 inch) HD+ Display13MP + AI Lens | 5MP Front Camera6000 mAh BatteryUnisoc Spreadtrum SC9863A1 Processor1 Year on Handset and 6 Months on Accessories,4.2
49,"Infinix SMART 7 (Azure Blue, 64 GB)","₹7,299",4 GB RAM | 64 GB ROM | Expandable Upto 2 TB16.76 cm (6.6 inch) HD+ Display13MP + AI Lens | 5MP Front Camera6000 mAh BatteryUnisoc Spreadtrum SC9863A1 Processor1 Year on Handset and 6 Months on Accessories,4.2
50,"SAMSUNG Galaxy F13 (Nightsky Green, 64 GB)","₹10,999",4 GB RAM | 64 GB ROM | Expandable Upto 1 TB16.76 cm (6.6 inch) Full HD+ Display50MP + 5MP + 2MP | 8MP Front Camera6000 mAh Lithium Ion BatteryExynos 850 Processor1 Year Warranty Provided By the Manufacturer from Date of Purchase,4.4
51,"SAMSUNG Galaxy F04 (Opal Green, 64 GB)","₹6,999",4 GB RAM | 64 GB ROM | Expandable Upto 1 TB16.51 cm (6.5 inch) HD Display13MP + 2MP | 5MP Front Camera5000 mAh Lithium-Ion BatteryMediatek Helio P35 Processor1 Year Manufacturer Warranty for Device and 6 Months Manufacturer Warranty for In-Box Accessories,4.3
52,"SAMSUNG Galaxy F13 (Waterfall Blue, 64 GB)","₹10,999",4 GB RAM | 64 GB ROM | Expandable Upto 1 TB16.76 cm (6.6 inch) Full HD+ Display50MP + 5MP + 2MP | 8MP Front Camera6000 mAh Lithium Ion BatteryExynos 850 Processor1 Year Warranty Provided By the Manufacturer from Date of Purchase,4.4
53,"POCO C51 (Royal Blue, 64 GB)","₹6,999",4 GB RAM | 64 GB ROM | Expandable Upto 1 TB16.56 cm (6.52 inch) HD+ Display8MP Rear Camera | 5MP Front Camera5000 mAh BatteryHelio G36 Processor1 Year Manufacturer Warranty for Phone and 6 Months Warranty for in the Box Accessories,4.3
54,"Infinix SMART 7 (Night Black, 64 GB)","₹7,299",4 GB RAM | 64 GB ROM | Expandable Upto 2 TB16.76 cm (6.6 inch) HD+ Display13MP + AI Lens | 5MP Front Camera6000 mAh BatteryUnisoc Spreadtrum SC9863A1 Processor1 Year on Handset and 6 Months on Accessories,4.2
55,"SAMSUNG Galaxy F04 (Jade Purple, 64 GB)","₹6,999",4 GB RAM | 64 GB ROM | Expandable Upto 1 TB16.51 cm (6.5 inch) HD Display13MP + 2MP | 5MP Front Camera5000 mAh Lithium-Ion BatteryMediatek Helio P35 Processor1 Year Manufacturer Warranty for Device and 6 Months Manufacturer Warranty for In-Box Accessories,4.3
56,"POCO C55 (Cool Blue, 64 GB)","₹7,999",4 GB RAM | 64 GB ROM | Expandable Upto 1 TB17.04 cm (6.71 inch) HD+ Display50MP Rear Camera | 5MP Front Camera5000 mAh BatteryMediatek Helio G85 Processor1 Year Manufacturer Warranty for Phone and 6 Months Warranty for In the Box Accessories,4.2
57,"POCO C51 (Power Black, 64 GB)","₹6,999",4 GB RAM | 64 GB ROM | Expandable Upto 1 TB16.56 cm (6.52 inch) HD+ Display8MP Rear Camera | 5MP Front Camera5000 mAh BatteryHelio G36 Processor1 Year Manufacturer Warranty for Phone and 6 Months Warranty for in the Box Accessories,4.3
58,"SAMSUNG Galaxy F13 (Sunrise Copper, 64 GB)","₹10,999",4 GB RAM | 64 GB ROM | Expandable Upto 1 TB16.76 cm (6.6 inch) Full HD+ Display50MP + 5MP + 2MP | 8MP Front Camera6000 mAh Lithium Ion BatteryExynos 850 Processor1 Year Warranty Provided By the Manufacturer from Date of Purchase,4.4
59,"realme C33 2023 (Night Sea, 64 GB)","₹9,999",4 GB RAM | 64 GB ROM | Expandable Upto 1 TB16.51 cm (6.5 inch) HD+ Display50MP + 0.3MP | 5MP Front Camera5000 mAh Lithium Ion BatteryUnisoc T612 Processor1 Year Manufacturer Warranty for Phone and 6 Months Warranty for In-Box Accessories,4.5
60,"realme C33 2023 (Aqua Blue, 64 GB)","₹9,999",4 GB RAM | 64 GB ROM | Expandable Upto 1 TB16.51 cm (6.5 inch) HD+ Display50MP + 0.3MP | 5MP Front Camera5000 mAh Lithium Ion BatteryUnisoc T612 Processor1 Year Manufacturer Warranty for Phone and 6 Months Warranty for In-Box Accessories,4.5
61,"realme C33 2023 (Sandy Gold, 64 GB)","₹9,999",4 GB RAM | 64 GB ROM | Expandable Upto 1 TB16.51 cm (6.5 inch) HD+ Display50MP + 0.3MP | 5MP Front Camera5000 mAh Lithium Ion BatteryUnisoc T612 Processor1 Year Manufacturer Warranty for Phone and 6 Months Warranty for In-Box Accessories,4.5
62,"Infinix HOT 30i (Mirror Black, 64 GB)","₹8,199",4 GB RAM | 64 GB ROM | Expandable Upto 1 TB16.76 cm (6.6 inch) HD+ Display50MP + AI Lens | 5MP Front Camera5000 mAh BatteryG37 Processor1 Year on Handset and 6 Months on Accessories,4.2
63,"Infinix HOT 30i (Glacier Blue, 128 GB)","₹9,499",8 GB RAM | 128 GB ROM | Expandable Upto 1 TB16.76 cm (6.6 inch) HD+ Display50MP + AI Lens | 5MP Front Camera5000 mAh BatteryG37 Processor1 Year on Handset and 6 Months on Accessories,4.3
64,"SAMSUNG Galaxy F13 (Waterfall Blue, 128 GB)","₹11,999",4 GB RAM | 128 GB ROM | Expandable Upto 1 TB16.76 cm (6.6 inch) Full HD+ Display50MP + 5MP + 2MP | 8MP Front Camera6000 mAh Lithium Ion BatteryExynos 850 Processor1 Year Warranty Provided By the Manufacturer from Date of Purchase,4.4
65,"Infinix HOT 30i (Glacier Blue, 64 GB)","₹8,199",4 GB RAM | 64 GB ROM | Expandable Upto 1 TB16.76 cm (6.6 inch) HD+ Display50MP + AI Lens | 5MP Front Camera5000 mAh BatteryG37 Processor1 Year on Handset and 6 Months on Accessories,4.2
66,"POCO C55 (Power Black, 64 GB)","₹7,999",4 GB RAM | 64 GB ROM | Expandable Upto 1 TB17.04 cm (6.71 inch) HD+ Display50MP Rear Camera | 5MP Front Camera5000 mAh BatteryMediatek Helio G85 Processor1 Year Manufacturer Warranty for Phone and 6 Months Warranty for In the Box Accessories,4.2
67,"REDMI A1+ (Light Blue, 32 GB)","₹6,499",2 GB RAM | 32 GB ROM | Expandable Upto 512 GB16.56 cm (6.52 inch) HD+ Display8MP Rear Camera | 5MP Front Camera5000 mAh Lithium Polymer BatteryMediatek Helio A22 Processor1 Year Manufacturer Warranty for Phone and 6 Months Warranty for in the Box Accessories,4.2
68,"realme C55 (Sunshower, 128 GB)","₹13,999",8 GB RAM | 128 GB ROM | Expandable Upto 1 TB17.07 cm (6.72 inch) Full HD+ Display64MP + 2MP | 8MP Front Camera5000 mAh BatteryHelio G88 Processor1 Year Manufacturer Warranty for Phone and 6 Months Warranty for In the Box Accessories,4.4
69,"realme C55 (Rainy Night, 128 GB)","₹13,999",8 GB RAM | 128 GB ROM | Expandable Upto 1 TB17.07 cm (6.72 inch) Full HD+ Display64MP + 2MP | 8MP Front Camera5000 mAh BatteryHelio G88 Processor1 Year Manufacturer Warranty for Phone and 6 Months Warranty for In the Box Accessories,4.4
70,"realme C55 (Sunshower, 64 GB)","₹10,999",4 GB RAM | 64 GB ROM | Expandable Upto 1 TB17.07 cm (6.72 inch) Full HD+ Display64MP + 2MP | 8MP Front Camera5000 mAh BatteryHelio G88 Processor1 Year Manufacturer Warranty for Phone and 6 Months Warranty for In the Box Accessories,4.4
71,"realme C55 (Sunshower, 64 GB)","₹11,999",6 GB RAM | 64 GB ROM | Expandable Upto 1 TB17.07 cm (6.72 inch) Full HD+ Display64MP + 2MP | 8MP Front Camera5000 mAh BatteryHelio G88 Processor1 Year Manufacturer Warranty for Phone and 6 Months Warranty for In the Box Accessories,4.4
72,"realme C55 (Rainy Night, 64 GB)","₹11,999",6 GB RAM | 64 GB ROM | Expandable Upto 1 TB17.07 cm (6.72 inch) Full HD+ Display64MP + 2MP | 8MP Front Camera5000 mAh BatteryHelio G88 Processor1 Year Manufacturer Warranty for Phone and 6 Months Warranty for In the Box Accessories,4.4
73,"realme C55 (Rainy Night, 64 GB)","₹10,999",4 GB RAM | 64 GB ROM | Expandable Upto 1 TB17.07 cm (6.72 inch) Full HD+ Display64MP + 2MP | 8MP Front Camera5000 mAh BatteryHelio G88 Processor1 Year Manufacturer Warranty for Phone and 6 Months Warranty for In the Box Accessories,4.4
74,"Infinix HOT 30i (Mirror Black, 128 GB)","₹9,499",8 GB RAM | 128 GB ROM | Expandable Upto 1 TB16.76 cm (6.6 inch) HD+ Display50MP + AI Lens | 5MP Front Camera5000 mAh BatteryG37 Processor1 Year on Handset and 6 Months on Accessories,4.3
75,"REDMI 10 (Midnight Black, 64 GB)","₹9,999",4 GB RAM | 64 GB ROM | Expandable Upto 1 TB17.02 cm (6.7 inch) HD+ Display50MP + 2MP | 5MP Front Camera6000 mAh Lithium Polymer BatteryQualcomm Snapdragon 680 Processor1 Year Warranty for Phone and 6 Months Warranty for In-Box Accessories,4.3
76,"REDMI 10 (Pacific Blue, 64 GB)","₹9,999",4 GB RAM | 64 GB ROM | Expandable Upto 1 TB17.02 cm (6.7 inch) HD+ Display50MP + 2MP | 5MP Front Camera6000 mAh Lithium Polymer BatteryQualcomm Snapdragon 680 Processor1 Year Warranty for Phone and 6 Months Warranty for In-Box Accessories,4.3
77,"POCO C55 (Power Black, 128 GB)","₹9,499",6 GB RAM | 128 GB ROM | Expandable Upto 1 TB17.04 cm (6.71 inch) HD+ Display50MP Rear Camera | 5MP Front Camera5000 mAh BatteryMediatek Helio G85 Processor1 Year Manufacturer Warranty for Phone and 6 Months Warranty for In the Box Accessories,4.2
78,"POCO C50 (Royal Blue, 32 GB)","₹6,499","2 GB RAM | 32 GB ROM | Expandable Upto 512 GB16.56 cm (6.52 inch) HD+ Display8MP Dual Camera | 5MP Front Camera5000 mAh Lithium Polymer BatteryMediatek Helio A22 Processor, Upto 2.0 GHz Processor1 Year Manufacturer Warranty for Phone and 6 Months Warranty for In the Box Accessories",4.3
79,"MOTOROLA e13 (Aurora Green, 64 GB)","₹7,499",4 GB RAM | 64 GB ROM | Expandable Upto 1 TB16.51 cm (6.5 inch) HD+ Display13MP Rear Camera | 5MP Front Camera5000 mAh BatteryUnisoc T606 Processor1 Year on Handset and 6 Months on Accessories,4
80,"POCO M4 Pro (Cool Blue, 128 GB)","₹13,499","8 GB RAM | 128 GB ROM | Expandable Upto 1 TB16.33 cm (6.43 inch) Full HD+ AMOLED Display64MP + 8MP + 2MP | 16MP Front Camera5000 mAh Lithium-ion Polymer BatteryMediatek Helio G96 ProcessorOne Year for Handset, 6 Months for Accessories",4.3
81,"POCO C55 (Cool Blue, 128 GB)","₹9,499",6 GB RAM | 128 GB ROM | Expandable Upto 1 TB17.04 cm (6.71 inch) HD+ Display50MP Rear Camera | 5MP Front Camera5000 mAh BatteryMediatek Helio G85 Processor1 Year Manufacturer Warranty for Phone and 6 Months Warranty for In the Box Accessories,4.2
82,"APPLE iPhone 11 (Green, 128 GB)","₹46,999",128 GB ROM15.49 cm (6.1 inch) Liquid Retina HD Display12MP + 12MP | 12MP Front CameraA13 Bionic Chip ProcessorBrand Warranty of 1 Year,4.6
83,"APPLE iPhone 11 (Purple, 128 GB)","₹46,999",128 GB ROM15.49 cm (6.1 inch) Liquid Retina HD Display12MP + 12MP | 12MP Front CameraA13 Bionic Chip ProcessorBrand Warranty of 1 Year,4.6
84,"vivo X60 (Midnight Black, 256 GB)","₹46,990",12 GB RAM | 256 GB ROM16.66 cm (6.56 inch) Full HD+ Display48MP + 13MP + 13MP | 32MP Front Camera4300 mAh Lithium-ion BatteryQualcomm Snapdragon 870 ProcessorAMOLED Display1 Year for Handset and 6 Months for In-box Accessories,4.4
85,"APPLE iPhone SE 3rd Gen (Starlight, 256 GB)","₹46,599","256 GB ROM11.94 cm (4.7 inch) Retina HD Display12MP Rear Camera | 7MP Front CameraA15 Bionic Chip, 6 Core Processor ProcessorBrand Warranty of 1 Year",4.3
86,"APPLE iPhone 11 (Purple, 64 GB)","₹41,999",64 GB ROM15.49 cm (6.1 inch) Liquid Retina HD Display12MP + 12MP | 12MP Front CameraA13 Bionic Chip ProcessorBrand Warranty of 1 Year,4.6
87,"APPLE iPhone 11 (Yellow, 64 GB)","₹41,999",64 GB ROM15.49 cm (6.1 inch) Liquid Retina HD Display12MP + 12MP | 12MP Front CameraA13 Bionic Chip ProcessorBrand Warranty of 1 Year,4.6
88,"APPLE iPhone 11 (Green, 64 GB)","₹41,999",64 GB ROM15.49 cm (6.1 inch) Liquid Retina HD Display12MP + 12MP | 12MP Front CameraA13 Bionic Chip ProcessorBrand Warranty of 1 Year,4.6
89,"APPLE iPhone SE (White, 256 GB)","₹40,990","256 GB ROM11.94 cm (4.7 inch) Retina HD Display12MP Rear Camera | 7MP Front CameraA13 Bionic Chip with 3rd Gen Neural Engine ProcessorWater and Dust Resistant (1 meter for Upto 30 minutes, IP67)Fast Charge CapableWireless charging (Works with Qi Chargers | Qi Chargers are Sold SeparatelyBrand Warranty of 1 Year",4.5
90,"Nothing Phone (1) (White, 256 GB)","₹35,999","12 GB RAM | 256 GB ROM16.64 cm (6.55 inch) Full HD+ Display50MP + 50MP | 16MP Front Camera4500 mAh Lithium-ion BatteryQualcomm Snapdragon 778G+ ProcessorMeet the Glyph Interface. A New Way to Communicate1 Billion Colours, True-to-Life Full HD Flexible OLED Display with HDR10+ for Richer Colour and Deeper Contrasts.1 Year Warranty",4.3
91,"vivo V27 Pro 5G (Magic Blue, 256 GB)","₹39,999",8 GB RAM | 256 GB ROM17.22 cm (6.78 inch) Full HD+ Display50MP (OIS) + 8MP + 2MP | 50MP Front Camera4600 mAh BatteryMediatek Dimensity 8200 Processor1 Year Manufacturer Warranty for Phone and 6 Months Warranty for In the Box Accessories,4.4
92,"SAMSUNG Galaxy A53 (Awesome Blue, 256 GB)","₹36,499",8 GB RAM | 256 GB ROM | Expandable Upto 1 TB16.51 cm (6.5 inch) Full HD+ Display64MP + 12MP + 5MP + 5MP | 32MP Front Camera5000 mAh Lithium Ion BatteryExynos Octa Core Processor Processor1 Year Manufacturer Warranty for Device and 6 Months Manufacturer Warranty for In-Box,4.1
93,"APPLE iPhone XR (White, 64 GB)","₹36,999","64 GB ROM15.49 cm (6.1 inch) Display12MP Rear Camera | 7MP Front CameraA12 Bionic Chip ProcessorWater and Dust Resistant (1 meter for Upto 30 minutes, IP67)Face ID for Secure AuthenticationFast-charge CapableBrand Warranty of 1 Year",4.6
94,"APPLE iPhone XR ((PRODUCT)RED, 64 GB)","₹36,999","64 GB ROM15.49 cm (6.1 inch) Display12MP Rear Camera | 7MP Front CameraA12 Bionic Chip ProcessorWater and Dust Resistant (1 meter for Upto 30 minutes, IP67)Face ID for Secure AuthenticationFast-charge CapableBrand Warranty of 1 Year",4.6
95,"Apple iPhone XR ((PRODUCT)RED, 64 GB) (Includes EarPods, Power Adapter)","₹36,999",64 GB ROM15.49 cm (6.1 inch) Display12MP Rear Camera | 7MP Front CameraA12 Bionic Chip ProcessoriOS 13 CompatibleBrand Warranty of 1 Year,4.6
96,"MOTOROLA g13 (Matte Charcoal, 64 GB)","₹9,499",4 GB RAM | 64 GB ROM | Expandable Upto 1 TB16.51 cm (6.5 inch) HD+ Display50MP + 2MP + 2MP | 8MP Front Camera5000 mAh BatteryHelio G85 Processor1 Year on Handset and 6 Months on Accessories,3.9
97,"MOTOROLA G32 (Mineral Gray, 128 GB)","₹11,999",8 GB RAM | 128 GB ROM16.64 cm (6.55 inch) Full HD+ Display50MP + 8MP + 2MP | 16MP Front Camera5000 mAh BatteryQualcomm Snapdragon 680 Processor1 Year on Handset and 6 Months on Accessories,4.1
98,"POCO M4 Pro (Power Black, 128 GB)","₹13,499","8 GB RAM | 128 GB ROM | Expandable Upto 1 TB16.33 cm (6.43 inch) Full HD+ AMOLED Display64MP + 8MP + 2MP | 16MP Front Camera5000 mAh Lithium-ion Polymer BatteryMediatek Helio G96 ProcessorOne Year for Handset, 6 Months for Accessories",4.3
99,"REDMI 10 (Caribbean Green, 64 GB)","₹9,999",4 GB RAM | 64 GB ROM | Expandable Upto 1 TB17.02 cm (6.7 inch) HD+ Display50MP + 2MP | 5MP Front Camera6000 mAh Lithium Polymer BatteryQualcomm Snapdragon 680 Processor1 Year Warranty for Phone and 6 Months Warranty for In-Box Accessories,4.3
100,"Infinix Smart 6 HD (Origin Blue, 32 GB)","₹5,799",2 GB RAM | 32 GB ROM | Expandable Upto 512 GB16.76 cm (6.6 inch) HD+ Display8MP Rear Camera | 5MP Front Camera5000 mAh Lithium-ion Polymer BatteryMediatek Helio A22 Processor1 Year on Handset and 6 Months on Accessories,4.3
101,"Infinix Smart 6 HD (Force Black, 32 GB)","₹5,799",2 GB RAM | 32 GB ROM | Expandable Upto 512 GB16.76 cm (6.6 inch) HD+ Display8MP Rear Camera | 5MP Front Camera5000 mAh Lithium-ion Polymer BatteryMediatek Helio A22 Processor1 Year on Handset and 6 Months on Accessories,4.3
102,"Infinix Smart 6 HD (Aqua Sky, 32 GB)","₹5,799",2 GB RAM | 32 GB ROM | Expandable Upto 512 GB16.76 cm (6.6 inch) HD+ Display8MP Rear Camera | 5MP Front Camera5000 mAh Lithium-ion Polymer BatteryMediatek Helio A22 Processor1 Year on Handset and 6 Months on Accessories,4.3
103,"MOTOROLA G32 (Satin Silver, 128 GB)","₹11,999",8 GB RAM | 128 GB ROM16.64 cm (6.55 inch) Full HD+ Display50MP + 8MP + 2MP | 16MP Front Camera5000 mAh BatteryQualcomm Snapdragon 680 Processor1 Year on Handset and 6 Months on Accessories,4.1
104,"SAMSUNG Galaxy F13 (Nightsky Green, 128 GB)","₹11,999",4 GB RAM | 128 GB ROM | Expandable Upto 1 TB16.76 cm (6.6 inch) Full HD+ Display50MP + 5MP + 2MP | 8MP Front Camera6000 mAh Lithium Ion BatteryExynos 850 Processor1 Year Warranty Provided By the Manufacturer from Date of Purchase,4.4
105,"POCO C55 (Forest Green, 128 GB)","₹9,499",6 GB RAM | 128 GB ROM | Expandable Upto 1 TB17.04 cm (6.71 inch) HD+ Display50MP Rear Camera | 5MP Front Camera5000 mAh BatteryMediatek Helio G85 Processor1 Year Manufacturer Warranty for Phone and 6 Months Warranty for In the Box Accessories,4.2
106,"REDMI A1+ (Black, 32 GB)","₹6,499",2 GB RAM | 32 GB ROM | Expandable Upto 512 GB16.56 cm (6.52 inch) HD+ Display8MP Rear Camera | 5MP Front Camera5000 mAh Lithium Polymer BatteryMediatek Helio A22 Processor1 Year Manufacturer Warranty for Phone and 6 Months Warranty for in the Box Accessories,4.2
107,"SAMSUNG Galaxy F13 (Sunrise Copper, 128 GB)","₹11,999",4 GB RAM | 128 GB ROM | Expandable Upto 1 TB16.76 cm (6.6 inch) Full HD+ Display50MP + 5MP + 2MP | 8MP Front Camera6000 mAh Lithium Ion BatteryExynos 850 Processor1 Year Warranty Provided By the Manufacturer from Date of Purchase,4.4
108,"MOTOROLA e32 (Arctic Blue, 64 GB)","₹8,499",4 GB RAM | 64 GB ROM | Expandable Upto 1 TB16.51 cm (6.5 inch) HD+ Display50MP + 2MP | 8MP Front Camera5000 mAh BatteryMediatek Helio G37 Processor1 Year on Handset and 6 Months on Accessories,3.9
109,"REDMI 10 (Midnight Black, 128 GB)","₹10,999",6 GB RAM | 128 GB ROM | Expandable Upto 1 TB17.02 cm (6.7 inch) HD+ Display50MP + 2MP | 5MP Front Camera6000 mAh Lithium Polymer BatteryQualcomm Snapdragon 680 Processor1 Year Warranty for Phone and 6 Months Warranty for In-Box Accessories,4.2
110,"REDMI A1+ (Light Green, 32 GB)","₹6,499",2 GB RAM | 32 GB ROM | Expandable Upto 512 GB16.56 cm (6.52 inch) HD+ Display8MP Rear Camera | 5MP Front Camera5000 mAh Lithium Polymer BatteryMediatek Helio A22 Processor1 Year Manufacturer Warranty for Phone and 6 Months Warranty for in the Box Accessories,4.2
111,"POCO M4 5G (Power Black, 128 GB)","₹14,999",6 GB RAM | 128 GB ROM | Expandable Upto 512 GB16.71 cm (6.58 inch) Full HD+ Display50MP + 2MP | 8MP Front Camera5000 mAh Lithium Ion Polymer BatteryMediatek Dimensity 700 Processor1 Year Warranty for Handset and 6 Months for Accessories,4.2
112,"realme C30 (Denim Black, 32 GB)","₹5,999",2 GB RAM | 32 GB ROM | Expandable Upto 1 TB16.51 cm (6.5 inch) HD+ Display8MP Rear Camera | 5MP Front Camera5000 mAh Lithium Ion BatteryUnisoc T612 Processor1 Year Manufacturer Warranty for Phone and 6 Months Warranty for In-Box Accessories,4.2
113,"realme C30 (Lake Blue, 32 GB)","₹5,999",2 GB RAM | 32 GB ROM | Expandable Upto 1 TB16.51 cm (6.5 inch) HD+ Display8MP Rear Camera | 5MP Front Camera5000 mAh Lithium Ion BatteryUnisoc T612 Processor1 Year Manufacturer Warranty for Phone and 6 Months Warranty for In-Box Accessories,4.2
114,"POCO M4 5G (Power Black, 64 GB)","₹12,999",4 GB RAM | 64 GB ROM | Expandable Upto 512 GB16.71 cm (6.58 inch) Full HD+ Display50MP + 2MP | 8MP Front Camera5000 mAh Lithium Ion Polymer BatteryMediatek Dimensity 700 Processor1 Year Warranty for Handset and 6 Months for Accessories,4.2
115,"REDMI 10 (Pacific Blue, 128 GB)","₹10,999",6 GB RAM | 128 GB ROM | Expandable Upto 1 TB17.02 cm (6.7 inch) HD+ Display50MP + 2MP | 5MP Front Camera6000 mAh Lithium Polymer BatteryQualcomm Snapdragon 680 Processor1 Year Warranty for Phone and 6 Months Warranty for In-Box Accessories,4.2
116,"realme C20 (Cool Blue, 32 GB)","₹5,999",2 GB RAM | 32 GB ROM | Expandable Upto 256 GB16.51 cm (6.5 inch) HD+ Display8MP Rear Camera | 5MP Front Camera5000 mAh BatteryMediaTek Helio G35 Processor1 Year Warranty for Mobile and 6 Months for Accessories,4.4
117,"realme C20 (Cool Grey, 32 GB)","₹5,999",2 GB RAM | 32 GB ROM | Expandable Upto 256 GB16.51 cm (6.5 inch) HD+ Display8MP Rear Camera | 5MP Front Camera5000 mAh BatteryMediaTek Helio G35 Processor1 Year Warranty for Mobile and 6 Months for Accessories,4.4
118,"vivo T2x 5G (Glimmer Black, 128 GB)","₹13,999",6 GB RAM | 128 GB ROM16.71 cm (6.58 inch) Full HD+ Display50MP + 2MP | 8MP Front Camera5000 mAh BatteryDimensity 6020 Processor1 Year of Device & 6 Months for Inbox Accessories,4.6
119,"realme C30 (Denim Black, 32 GB)","₹6,499",3 GB RAM | 32 GB ROM | Expandable Upto 1 TB16.51 cm (6.5 inch) HD+ Display8MP Rear Camera | 5MP Front Camera5000 mAh Lithium Ion BatteryUnisoc T612 Processor1 Year Manufacturer Warranty for Phone and 6 Months Warranty for In-Box Accessories,4.1
120,"vivo T2x 5G (Marine Blue, 128 GB)","₹13,999",6 GB RAM | 128 GB ROM16.71 cm (6.58 inch) Full HD+ Display50MP + 2MP | 8MP Front Camera5000 mAh BatteryDimensity 6020 Processor1 Year of Device & 6 Months for Inbox Accessories,4.6
121,"realme C30 (Bamboo Green, 32 GB)","₹6,499",3 GB RAM | 32 GB ROM | Expandable Upto 1 TB16.51 cm (6.5 inch) HD+ Display8MP Rear Camera | 5MP Front Camera5000 mAh Lithium Ion BatteryUnisoc T612 Processor1 Year Manufacturer Warranty for Phone and 6 Months Warranty for In-Box Accessories,4.1
122,"SAMSUNG Galaxy F14 5G (OMG Black, 128 GB)","₹14,490","6 GB RAM | 128 GB ROM | Expandable Upto 1 TB16.76 cm (6.6 inch) Full HD+ Display50MP + 2MP | 13MP Front Camera6000 mAh BatteryExynos 1330, Octa Core Processor1 Year Manufacturer Warranty for Device and 6 Months Manufacturer Warranty for In-Box Accessories",4.2
123,"POCO C50 (Country Green, 32 GB)","₹6,499","2 GB RAM | 32 GB ROM | Expandable Upto 512 GB16.56 cm (6.52 inch) HD+ Display8MP Dual Camera | 5MP Front Camera5000 mAh Lithium Polymer BatteryMediatek Helio A22 Processor, Upto 2.0 GHz Processor1 Year Manufacturer Warranty for Phone and 6 Months Warranty for In the Box Accessories",4.3
124,"vivo T2x 5G (Glimmer Black, 128 GB)","₹15,999",8 GB RAM | 128 GB ROM16.71 cm (6.58 inch) Full HD+ Display50MP + 2MP | 8MP Front Camera5000 mAh BatteryDimensity 6020 Processor1 Year of Device & 6 Months for Inbox Accessories,4.5
125,"vivo T2x 5G (Aurora Gold, 128 GB)","₹15,999",8 GB RAM | 128 GB ROM16.71 cm (6.58 inch) Full HD+ Display50MP + 2MP | 8MP Front Camera5000 mAh BatteryDimensity 6020 Processor1 Year of Device & 6 Months for Inbox Accessories,4.5
126,"Infinix HOT 20 Play (Racing Black, 64 GB)","₹8,199",4 GB RAM | 64 GB ROM | Expandable Upto 256 GB17.32 cm (6.82 inch) HD+ Display13Mp + AI Lens | 8MP Front Camera6000 mAh Li-ion Polymer BatteryMediaTek G37 Processor1 Year on Handset and 6 Months on Accessories,4.4
127,"realme C11 2021 (Cool Blue, 32 GB)","₹5,999",2 GB RAM | 32 GB ROM | Expandable Upto 256 GB16.51 cm (6.5 inch) HD+ Display8MP Rear Camera | 5MP Front Camera5000 mAh BatteryOcta-core Processor1 Year Warranty for Mobile and 6 Months for Accessories,4.4
128,"realme C11 2021 (Cool Grey, 32 GB)","₹5,999",2 GB RAM | 32 GB ROM | Expandable Upto 256 GB16.51 cm (6.5 inch) HD+ Display8MP Rear Camera | 5MP Front Camera5000 mAh BatteryOcta-core Processor1 Year Warranty for Mobile and 6 Months for Accessories,4.4
129,"vivo T2x 5G (Aurora Gold, 128 GB)","₹12,999",4 GB RAM | 128 GB ROM16.71 cm (6.58 inch) Full HD+ Display50MP + 2MP | 8MP Front Camera5000 mAh BatteryDimensity 6020 Processor1 Year of Device & 6 Months for Inbox Accessories,4.6
130,"vivo T2x 5G (Aurora Gold, 128 GB)","₹13,999",6 GB RAM | 128 GB ROM16.71 cm (6.58 inch) Full HD+ Display50MP + 2MP | 8MP Front Camera5000 mAh BatteryDimensity 6020 Processor1 Year of Device & 6 Months for Inbox Accessories,4.6
131,"realme 10 (Rush Black, 64 GB)","₹12,499",4 GB RAM | 64 GB ROM | Expandable Upto 1 TB16.26 cm (6.4 inch) Full HD+ Display50MP + 2MP | 16MP Front Camera5000 mAh BatteryMediatek Helio G99 Octa Core Processor1 Year Manufacturer Warranty for Phone and 6 Months Warranty for In-Box Accessories,4.3
132,"Infinix HOT 20 Play (Aurora Green, 64 GB)","₹8,199",4 GB RAM | 64 GB ROM | Expandable Upto 256 GB17.32 cm (6.82 inch) HD+ Display13Mp + AI Lens | 8MP Front Camera6000 mAh Li-ion Polymer BatteryMediaTek G37 Processor1 Year on Handset and 6 Months on Accessories,4.4
133,"Infinix HOT 20 Play (Luna Blue, 64 GB)","₹8,199",4 GB RAM | 64 GB ROM | Expandable Upto 256 GB17.32 cm (6.82 inch) HD+ Display13Mp + AI Lens | 8MP Front Camera6000 mAh Li-ion Polymer BatteryMediaTek G37 Processor1 Year on Handset and 6 Months on Accessories,4.4
134,"MOTOROLA G32 (Mineral Gray, 64 GB)","₹10,499",4 GB RAM | 64 GB ROM16.64 cm (6.55 inch) Full HD+ Display50MP + 8MP + 2MP | 16MP Front Camera5000 mAh Lithium Polymer BatteryQualcomm Snapdragon 680 Processor1 Year on Handset and 6 Months on Accessories,4.2
135,"realme C11 2021 (Cool Blue, 64 GB)","₹7,499",4 GB RAM | 64 GB ROM | Expandable Upto 256 GB16.51 cm (6.5 inch) HD+ Display8MP Rear Camera | 5MP Front Camera5000 mAh BatteryOcta-core Processor1 Year Warranty for Mobile and 6 Months for Accessories,4.3
136,"Infinix HOT 20 Play (Fantasy Purple, 64 GB)","₹8,199",4 GB RAM | 64 GB ROM | Expandable Upto 256 GB17.32 cm (6.82 inch) HD+ Display13Mp + AI Lens | 8MP Front Camera6000 mAh Li-ion Polymer BatteryMediaTek G37 Processor1 Year on Handset and 6 Months on Accessories,4.4
137,"SAMSUNG Galaxy F14 5G (B.A.E. Purple, 128 GB)","₹14,490","6 GB RAM | 128 GB ROM | Expandable Upto 1 TB16.76 cm (6.6 inch) Full HD+ Display50MP + 2MP | 13MP Front Camera6000 mAh BatteryExynos 1330, Octa Core Processor1 Year Manufacturer Warranty for Device and 6 Months Manufacturer Warranty for In-Box Accessories",4.2
138,"realme C30 (Lake Blue, 32 GB)","₹6,499",3 GB RAM | 32 GB ROM | Expandable Upto 1 TB16.51 cm (6.5 inch) HD+ Display8MP Rear Camera | 5MP Front Camera5000 mAh Lithium Ion BatteryUnisoc T612 Processor1 Year Manufacturer Warranty for Phone and 6 Months Warranty for In-Box Accessories,4.1
139,"REDMI 10 (Shadow Black, 64 GB)","₹9,999",4 GB RAM | 64 GB ROM | Expandable Upto 1 TB17.02 cm (6.7 inch) HD+ Display50MP + 2MP | 5MP Front Camera6000 mAh Lithium Polymer BatteryQualcomm Snapdragon 680 Processor1 Year Warranty for Phone and 6 Months Warranty for In-Box Accessories,4.3
140,"Realme C30 - Locked with Airtel Prepaid (Denim Black, 32 GB)","₹5,549",2 GB RAM | 32 GB ROM | Expandable Upto 1 TB16.51 cm (6.5 inch) HD+ Display8MP Rear Camera | 5MP Front Camera5000 mAh Lithium Ion BatteryUnisoc T612 Processor1 Year Manufacturer Warranty for Phone and 6 Months Warranty for In-Box Accessories,4.2
141,"Realme C30 - Locked with Airtel Prepaid (Lake Blue, 32 GB)","₹5,549",2 GB RAM | 32 GB ROM | Expandable Upto 1 TB16.51 cm (6.5 inch) HD+ Display8MP Rear Camera | 5MP Front Camera5000 mAh Lithium Ion BatteryUnisoc T612 Processor1 Year Manufacturer Warranty for Phone and 6 Months Warranty for In-Box Accessories,4.2
142,"POCO C50 (Royal Blue, 32 GB)","₹7,299","3 GB RAM | 32 GB ROM | Expandable Upto 512 GB16.56 cm (6.52 inch) HD+ Display8MP Dual Camera | 5MP Front Camera5000 mAh Lithium Polymer BatteryMediatek Helio A22 Processor, Upto 2.0 GHz Processor1 Year Manufacturer Warranty for Phone and 6 Months Warranty for In the Box Accessories",4.1
143,"realme 10 (Rush Black, 128 GB)","₹15,499",8 GB RAM | 128 GB ROM | Expandable Upto 1 TB16.26 cm (6.4 inch) Full HD+ Display50MP + 2MP | 16MP Front Camera5000 mAh BatteryMediatek Helio G99 Octa Core Processor1 Year Manufacturer Warranty for Phone and 6 Months Warranty for In-Box Accessories,4.3
144,"MOTOROLA e13 (Aurora Green, 64 GB)","₹6,999",2 GB RAM | 64 GB ROM | Expandable Upto 1 TB16.51 cm (6.5 inch) HD+ Display13MP Rear Camera | 5MP Front Camera5000 mAh BatteryUnisoc T606 Processor1 Year on Handset and 6 Months on Accessories,4
145,"MOTOROLA G62 5G (Midnight Gray, 128 GB)","₹16,499",8 GB RAM | 128 GB ROM16.64 cm (6.55 inch) Full HD+ Display50MP + 8MP + 2MP | 16MP Front Camera5000 mAh Lithium Polymer BatteryQualcomm Snapdragon 695 5G Processor1 Year on Handset and 6 Months on Accessories,4.1
146,"MOTOROLA e13 (Cosmic Black, 64 GB)","₹7,499",4 GB RAM | 64 GB ROM | Expandable Upto 1 TB16.51 cm (6.5 inch) HD+ Display13MP Rear Camera | 5MP Front Camera5000 mAh BatteryUnisoc T606 Processor1 Year on Handset and 6 Months on Accessories,4
147,"realme C21 (Cross Blue, 32 GB)","₹7,999",3 GB RAM | 32 GB ROM | Expandable Upto 256 GB16.51 cm (6.5 inch) HD+ Display13MP + 2MP + 2MP | 5MP Front Camera5000 mAh BatteryMediaTek Helio G35 Processor1 Year Warranty for Mobile and 6 Months for Accessories,4.4
148,"MOTOROLA g13 (Lavender Blue, 128 GB)","₹9,999",4 GB RAM | 128 GB ROM | Expandable Upto 1 TB16.51 cm (6.5 inch) HD+ Display50MP + 2MP + 2MP | 8MP Front Camera5000 mAh BatteryHelio G85 Processor1 Year on Handset and 6 Months on Accessories,3.9
149,"realme C35 (Glowing Black, 128 GB)","₹11,999",4 GB RAM | 128 GB ROM | Expandable Upto 1 TB16.76 cm (6.6 inch) Full HD+ Display50MP + 2MP + 0.3MP | 8MP Front Camera5000 mAh Lithium Polymer BatteryUnisoc Tiger T616 Processor1 Year Warranty for Phone and 6 Months Warranty for In-Box Accessories,4.4
150,"realme C35 (Glowing Black, 128 GB)","₹12,999",6 GB RAM | 128 GB ROM | Expandable Upto 1 TB16.76 cm (6.6 inch) Full HD+ Display50MP + 2MP + 0.3MP | 8MP Front Camera5000 mAh Lithium Polymer BatteryUnisoc Tiger T616 Processor1 Year Warranty for Phone and 6 Months Warranty for In-Box Accessories,4.3
151,"POCO X5 5G (Wildcat Blue, 128 GB)","₹15,999",6 GB RAM | 128 GB ROM | Expandable Upto 1 TB16.94 cm (6.67 inch) Full HD+ Display48MP + 8MP + 2MP | 13MP Front Camera5000 mAh BatteryQualcomm Snapdragon 695 Processor1 Year Manufacturer Warranty for Phone and 6 Months Warranty for In the Box Accessories,4.2
152,"POCO C50 (Country Green, 32 GB)","₹7,299","3 GB RAM | 32 GB ROM | Expandable Upto 512 GB16.56 cm (6.52 inch) HD+ Display8MP Dual Camera | 5MP Front Camera5000 mAh Lithium Polymer BatteryMediatek Helio A22 Processor, Upto 2.0 GHz Processor1 Year Manufacturer Warranty for Phone and 6 Months Warranty for In the Box Accessories",4.1
153,"POCO M4 Pro (Yellow, 128 GB)","₹13,499","8 GB RAM | 128 GB ROM | Expandable Upto 1 TB16.33 cm (6.43 inch) Full HD+ AMOLED Display64MP + 8MP + 2MP | 16MP Front Camera5000 mAh Lithium-ion Polymer BatteryMediatek Helio G96 ProcessorOne Year for Handset, 6 Months for Accessories",4.3
154,"MOTOROLA g52 (Metallic White, 128 GB)","₹12,999",6 GB RAM | 128 GB ROM16.76 cm (6.6 inch) Full HD+ Display50MP + 8MP + 2MP | 16MP Front Camera5000 mAh Lithium BatteryQualcomm Snapdragon 680 Processor1 Year on Handset and 6 Months on Accessories,4.2
155,"realme 10 (Clash White, 128 GB)","₹15,499",8 GB RAM | 128 GB ROM | Expandable Upto 1 TB16.26 cm (6.4 inch) Full HD+ Display50MP + 2MP | 16MP Front Camera5000 mAh BatteryMediatek Helio G99 Octa Core Processor1 Year Manufacturer Warranty for Phone and 6 Months Warranty for In-Box Accessories,4.3
156,"POCO M4 Pro 5G (Cool Blue, 128 GB)","₹15,999","8 GB RAM | 128 GB ROM | Expandable Upto 1 TB16.76 cm (6.6 inch) Full HD+ Display50MP + 8MP | 16MP Front Camera5000 mAh Lithium-ion Polymer BatteryMediatek Dimensity 810 ProcessorOne Year for Handset, 6 Months for Accessories",4.2
157,"realme C21 (Cross Black, 32 GB)","₹7,999",3 GB RAM | 32 GB ROM | Expandable Upto 256 GB16.51 cm (6.5 inch) HD+ Display13MP + 2MP + 2MP | 5MP Front Camera5000 mAh BatteryMediaTek Helio G35 Processor1 Year Warranty for Mobile and 6 Months for Accessories,4.4
158,"realme C21 (Cross Black, 64 GB)","₹8,999",4 GB RAM | 64 GB ROM | Expandable Upto 256 GB16.51 cm (6.5 inch) HD+ Display13MP + 2MP + 2MP | 5MP Front Camera5000 mAh BatteryMediaTek Helio G35 Processor1 Year Warranty for Mobile and 6 Months for Accessories,4.4
159,"OPPO A17k (Blue, 64 GB)","₹9,499",3 GB RAM | 64 GB ROM | Expandable Upto 2 TB16.66 cm (6.56 inch) HD+ Display8MP Rear Camera | 5MP Front Camera5000 mAh BatteryMediatek Helio P35 Processor1 Year on Handset and 6 Months on Accessories,4.5
160,"realme C35 (Glowing Green, 128 GB)","₹12,999",6 GB RAM | 128 GB ROM | Expandable Upto 1 TB16.76 cm (6.6 inch) Full HD+ Display50MP + 2MP + 0.3MP | 8MP Front Camera5000 mAh Lithium Polymer BatteryUnisoc Tiger T616 Processor1 Year Warranty for Phone and 6 Months Warranty for In-Box Accessories,4.3
161,"MOTOROLA g13 (Matte Charcoal, 128 GB)","₹9,999",4 GB RAM | 128 GB ROM | Expandable Upto 1 TB16.51 cm (6.5 inch) HD+ Display50MP + 2MP + 2MP | 8MP Front Camera5000 mAh BatteryHelio G85 Processor1 Year on Handset and 6 Months on Accessories,3.9
162,"realme 10 (Clash White, 64 GB)","₹12,499",4 GB RAM | 64 GB ROM | Expandable Upto 1 TB16.26 cm (6.4 inch) Full HD+ Display50MP + 2MP | 16MP Front Camera5000 mAh BatteryMediatek Helio G99 Octa Core Processor1 Year Manufacturer Warranty for Phone and 6 Months Warranty for In-Box Accessories,4.3
163,"MOTOROLA e13 (Creamy White, 64 GB)","₹7,499",4 GB RAM | 64 GB ROM | Expandable Upto 1 TB16.51 cm (6.5 inch) HD+ Display13MP Rear Camera | 5MP Front Camera5000 mAh BatteryUnisoc T606 Processor1 Year on Handset and 6 Months on Accessories,4
164,"OPPO F21 Pro (Sunset Orange, 128 GB)","₹20,999",8 GB RAM | 128 GB ROM16.33 cm (6.43 inch) Display108MP Rear Camera4500 mAh Battery12 months,4.4
165,"POCO X5 5G (Jaguar Black, 128 GB)","₹15,999",6 GB RAM | 128 GB ROM | Expandable Upto 1 TB16.94 cm (6.67 inch) Full HD+ Display48MP + 8MP + 2MP | 13MP Front Camera5000 mAh BatteryQualcomm Snapdragon 695 Processor1 Year Manufacturer Warranty for Phone and 6 Months Warranty for In the Box Accessories,4.2
166,"POCO X5 5G (Supernova Green, 128 GB)","₹15,999",6 GB RAM | 128 GB ROM | Expandable Upto 1 TB16.94 cm (6.67 inch) Full HD+ Display48MP + 8MP + 2MP | 13MP Front Camera5000 mAh BatteryQualcomm Snapdragon 695 Processor1 Year Manufacturer Warranty for Phone and 6 Months Warranty for In the Box Accessories,4.2
167,"OPPO A17k (Navy Blue, 64 GB)","₹9,499",3 GB RAM | 64 GB ROM | Expandable Upto 2 TB16.66 cm (6.56 inch) HD+ Display8MP Rear Camera | 5MP Front Camera5000 mAh BatteryMediatek Helio P35 Processor1 Year on Handset and 6 Months on Accessories,4.5
168,"realme C21 (Cross Black, 64 GB)","₹8,999",4 GB RAM | 64 GB ROM | Expandable Upto 256 GB16.51 cm (6.5 inch) HD+ Display13MP + 2MP + 2MP | 5MP Front Camera5000 mAh BatteryMediaTek Helio G35 Processor1 Year Warranty for Mobile and 6 Months for Accessories,4.4
169,"POCO M4 Pro (Yellow, 64 GB)","₹11,999","6 GB RAM | 64 GB ROM | Expandable Upto 1 TB16.33 cm (6.43 inch) Full HD+ AMOLED Display64MP + 8MP + 2MP | 16MP Front Camera5000 mAh Lithium-ion Polymer BatteryMediatek Helio G96 ProcessorOne Year for Handset, 6 Months for Accessories",4.3
170,"POCO M4 Pro 5G (Cool Blue, 128 GB)","₹15,999","8 GB RAM | 128 GB ROM | Expandable Upto 1 TB16.76 cm (6.6 inch) Full HD+ Display50MP + 8MP | 16MP Front Camera5000 mAh Lithium-ion Polymer BatteryMediatek Dimensity 810 ProcessorOne Year for Handset, 6 Months for Accessories",4.2
171,"POCO C55 (Forest Green, 64 GB)","₹7,999",4 GB RAM | 64 GB ROM | Expandable Upto 1 TB17.04 cm (6.71 inch) HD+ Display50MP Rear Camera | 5MP Front Camera5000 mAh BatteryMediatek Helio G85 Processor1 Year Manufacturer Warranty for Phone and 6 Months Warranty for In the Box Accessories,4.2
172,"MOTOROLA e40 (Carbon Gray, 64 GB)","₹8,999",4 GB RAM | 64 GB ROM | Expandable Upto 1 TB16.51 cm (6.5 inch) HD+ Display48MP + 2MP + 2MP | 8MP Front Camera5000 mAh BatteryUNISOC T700 Processor1 Year on Handset and 6 Months on Accessories,4.2
173,"POCO M4 5G (Yellow, 64 GB)","₹12,999",4 GB RAM | 64 GB ROM | Expandable Upto 512 GB16.71 cm (6.58 inch) Full HD+ Display50MP + 2MP | 8MP Front Camera5000 mAh Lithium Ion Polymer BatteryMediatek Dimensity 700 Processor1 Year Warranty for Handset and 6 Months for Accessories,4.2
174,"MOTOROLA e32 (Eco Black, 64 GB)","₹8,499",4 GB RAM | 64 GB ROM | Expandable Upto 1 TB16.51 cm (6.5 inch) HD+ Display50MP + 2MP | 8MP Front Camera5000 mAh BatteryMediatek Helio G37 Processor1 Year on Handset and 6 Months on Accessories,3.9
175,"Infinix HOT 20 5G (Space Blue, 64 GB)","₹11,499",4 GB RAM | 64 GB ROM | Expandable Upto 1 TB16.76 cm (6.6 inch) Full HD+ Display50MP + AI Lens | 8MP Front Camera5000 mAh Li-ion Polymer BatteryDimensity 810 Processor1 Year on Handset and 6 Months on Accessories,4.2
176,"POCO X5 5G (Supernova Green, 256 GB)","₹17,999",8 GB RAM | 256 GB ROM | Expandable Upto 1 TB16.94 cm (6.67 inch) Full HD+ Display48MP + 8MP + 2MP | 13MP Front Camera5000 mAh BatteryQualcomm Snapdragon 695 Processor1 Year Manufacturer Warranty for Phone and 6 Months Warranty for In the Box Accessories,4.1
177,"REDMI 10 (Sunrise Orange, 64 GB)","₹9,999",4 GB RAM | 64 GB ROM | Expandable Upto 1 TB17.02 cm (6.7 inch) HD+ Display50MP + 2MP | 5MP Front Camera6000 mAh Lithium Polymer BatteryQualcomm Snapdragon 680 Processor1 Year Warranty for Phone and 6 Months Warranty for In-Box Accessories,4.3
178,"realme C33 2023 (Aqua Blue, 128 GB)","₹10,499",4 GB RAM | 128 GB ROM | Expandable Upto 1 TB16.51 cm (6.5 inch) HD+ Display50MP + 0.3MP | 5MP Front Camera5000 mAh Lithium Ion BatteryUnisoc T612 Processor1 Year Manufacturer Warranty for Phone and 6 Months Warranty for In-Box Accessories,4.5
179,"POCO M4 Pro 5G (Yellow, 128 GB)","₹15,999","8 GB RAM | 128 GB ROM | Expandable Upto 1 TB16.76 cm (6.6 inch) Full HD+ Display50MP + 8MP | 16MP Front Camera5000 mAh Lithium-ion Polymer BatteryMediatek Dimensity 810 ProcessorOne Year for Handset, 6 Months for Accessories",4.2
180,"MOTOROLA G62 5G (Frosted Blue, 128 GB)","₹16,499",8 GB RAM | 128 GB ROM16.64 cm (6.55 inch) Full HD+ Display50MP + 8MP + 2MP | 16MP Front Camera5000 mAh Lithium Polymer BatteryQualcomm Snapdragon 695 5G Processor1 Year on Handset and 6 Months on Accessories,4.1
181,"realme 8 5G (Supersonic Blue, 128 GB)","₹13,999",4 GB RAM | 128 GB ROM | Expandable Upto 1 TB16.51 cm (6.5 inch) Full HD+ Display48MP + 2MP + 2MP | 16MP Front Camera5000 mAh BatteryMediaTek Dimensity 700 (MT6833) Processor1 Year Warranty for Mobile and 6 Months for Accessories,4.3
182,"POCO X5 5G (Wildcat Blue, 256 GB)","₹17,999",8 GB RAM | 256 GB ROM | Expandable Upto 1 TB16.94 cm (6.67 inch) Full HD+ Display48MP + 8MP + 2MP | 13MP Front Camera5000 mAh BatteryQualcomm Snapdragon 695 Processor1 Year Manufacturer Warranty for Phone and 6 Months Warranty for In the Box Accessories,4.1
183,"OPPO A17k (Navy Blue, 64 GB)","₹9,499",3 GB RAM | 64 GB ROM | Expandable Upto 2 TB16.66 cm (6.56 inch) HD+ Display8MP Rear Camera | 5MP Front Camera5000 mAh BatteryMediatek Helio P35 Processor1 Year on Handset and 6 Months on Accessories,4.5
184,"OPPO A17k (Gold, 64 GB)","₹9,499",3 GB RAM | 64 GB ROM | Expandable Upto 2 TB16.66 cm (6.56 inch) HD+ Display8MP Rear Camera | 5MP Front Camera5000 mAh BatteryMediatek Helio P35 Processor1 Year on Handset and 6 Months on Accessories,4.5
185,"realme 9 5G SE (Starry Glow, 128 GB)","₹18,999",8 GB RAM | 128 GB ROM | Expandable Upto 1 TB16.76 cm (6.6 inch) Full HD+ Display48MP + 2MP + 2MP | 16MP Front Camera5000 mAh Lithium Polymer BatteryQualcomm Snapdragon 778G Processor1 Year Warranty for Phone and 6 Months Warranty for In-Box Accessories,4.3
186,"POCO M4 5G (Cool Blue, 64 GB)","₹12,999",4 GB RAM | 64 GB ROM | Expandable Upto 512 GB16.71 cm (6.58 inch) Full HD+ Display50MP + 2MP | 8MP Front Camera5000 mAh Lithium Ion Polymer BatteryMediatek Dimensity 700 Processor1 Year Warranty for Handset and 6 Months for Accessories,4.2
187,"realme C11 2021 (Cool Grey, 64 GB)","₹7,499",4 GB RAM | 64 GB ROM | Expandable Upto 256 GB16.51 cm (6.5 inch) HD+ Display8MP Rear Camera | 5MP Front Camera5000 mAh BatteryOcta-core Processor1 Year Warranty for Mobile and 6 Months for Accessories,4.3
188,"POCO M5 (Power Black, 128 GB)","₹11,749","6 GB RAM | 128 GB ROM | Expandable Upto 512 GB16.71 cm (6.58 inch) Full HD+ Display50MP + 2MP Depth Sensor + 2MP Macro Sensor | 8MP Front Camera5000 mAh Lithium-ion Polymer BatteryMediatek Helio G99 Processor1 Year for Handset, 6 Months for Accessories",4.2
189,"realme 10 Pro 5G (Hyperspace, 128 GB)","₹18,999",6 GB RAM | 128 GB ROM | Expandable Upto 1 TB17.07 cm (6.72 inch) Full HD+ Display108MP + 2MP | 16MP Front Camera5000 mAh BatteryQualcomm Snapdragon 695 5G Processor1 Year Manufacturer Warranty for Phone and 6 Months Warranty for In-Box Accessories,4.4
190,"realme 10 Pro 5G (Nebula Blue, 128 GB)","₹19,999",8 GB RAM | 128 GB ROM | Expandable Upto 1 TB17.07 cm (6.72 inch) Full HD+ Display108MP + 2MP | 16MP Front Camera5000 mAh BatteryQualcomm Snapdragon 695 5G Processor1 Year Manufacturer Warranty for Phone and 6 Months Warranty for In-Box Accessories,4.4
191,"realme 10 Pro 5G (Dark Matter, 128 GB)","₹18,999",6 GB RAM | 128 GB ROM | Expandable Upto 1 TB17.07 cm (6.72 inch) Full HD+ Display108MP + 2MP | 16MP Front Camera5000 mAh BatteryQualcomm Snapdragon 695 5G Processor1 Year Manufacturer Warranty for Phone and 6 Months Warranty for In-Box Accessories,4.4
